RK,PLAYER,POS,TEAM,GP,MPG,FG%,FT%,3PM,RPG,APG,STPG,BLKPG,TOPG,PTS,ESPN
1,Nikola Jokic, C,DEN,69,33.7,0.632,0.822,0.8,11.8,9.8,1.3,0.7,3.6,24.5,55.6
2,Joel Embiid, C,PHI,66,34.6,0.548,0.857,1,10.2,4.2,1,1.7,3.4,33.1,55.4
3,Luka Doncic, PG,DAL,66,36.2,0.496,0.742,2.8,8.6,8,1.4,0.5,3.6,32.4,55
4,Giannis Antetokounmpo, PF,MIL,63,32.1,0.553,0.645,0.7,11.8,5.7,0.8,0.8,3.9,31.1,52.9
5,Damian Lillard, PG,POR,58,36.3,0.463,0.914,4.2,4.8,7.3,0.9,0.3,3.3,32.2,50.5
6,LeBron James, SF,LAL,55,35.5,0.5,0.768,2.2,8.3,6.8,0.9,0.6,3.2,28.9,49.6
7,Shai Gilgeous-Alexander, PG,OKC,68,35.5,0.51,0.905,0.9,4.8,5.5,1.6,1,2.8,31.4,49.3
8,Kevin Durant, PF,PHO,47,35.6,0.56,0.919,2,6.7,5,0.7,1.4,3.3,29.1,49.1
9,Jayson Tatum, SF,BOS,74,36.9,0.466,0.854,3.2,8.8,4.6,1.1,0.7,2.9,30.1,48.6
10,Anthony Davis, PF,LAL,56,34,0.563,0.784,0.3,12.5,2.6,1.1,2,2.2,25.9,48.6
11,Stephen Curry, PG,GSW,56,34.7,0.493,0.915,4.9,6.1,6.3,0.9,0.4,3.2,29.4,48.5
12,Domantas Sabonis, PF,SAC,79,34.6,0.615,0.742,0.4,12.3,7.3,0.8,0.5,2.9,19.1,44.8
13,Kyrie Irving, PG,DAL,60,37.4,0.494,0.905,3.1,5.1,5.5,1.1,0.8,2.1,27.1,44.5
14,Ja Morant, PG,MEM,61,31.9,0.466,0.748,1.5,5.9,8.1,1.1,0.3,3.4,26.2,43.8
15,James Harden, SG,PHI,58,36.8,0.441,0.867,2.8,6.1,10.7,1.2,0.5,3.4,21,43.6
16,Trae Young, PG,ATL,73,34.8,0.43,0.886,2.1,3,10.2,1.1,0.1,4.1,26.2,43.5
17,Zion Williamson, PF,NOR,29,33,0.608,0.714,0.2,7,4.6,1.1,0.6,3.4,26,43.3
18,Devin Booker, SG,PHO,53,34.6,0.494,0.855,2.1,4.5,5.5,1,0.3,2.7,27.8,43
19,Donovan Mitchell, SG,CLE,68,35.8,0.484,0.867,3.6,4.3,4.4,1.5,0.4,2.6,28.3,42.7
20,Tyrese Haliburton, PG,IND,56,33.6,0.49,0.871,2.9,3.7,10.4,1.6,0.4,2.5,20.7,42.6
21,Pascal Siakam, PF,TOR,71,37.4,0.48,0.774,1.3,7.8,5.8,0.9,0.5,2.4,24.2,42.1
22,Julius Randle, PF,NYK,77,35.5,0.46,0.757,2.8,10,4.1,0.6,0.3,2.8,25.1,41.8
23,LaMelo Ball, PG,CHA,36,35.2,0.411,0.843,4,6.4,8.4,1.3,0.3,3.6,23.3,41.8
24,Lauri Markkanen, PF,UTH,66,34.4,0.499,0.875,3,8.6,1.9,0.6,0.6,1.9,25.6,40.9
25,Jaylen Brown, SG,BOS,67,35.9,0.491,0.765,2.4,6.9,3.5,1.1,0.4,2.9,26.6,40.9
26,Jimmy Butler, SF,MIA,64,33.4,0.539,0.85,0.6,5.9,5.3,1.8,0.3,1.6,22.9,40.8
27,De'Aaron Fox, PG,SAC,73,33.4,0.512,0.78,1.6,4.2,6.1,1.1,0.3,2.5,25,40.8
28,Kawhi Leonard, SF,LAC,52,33.6,0.512,0.871,2,6.5,3.9,1.4,0.5,1.7,23.8,40.4
29,Brandon Ingram, SF,NOR,45,34.2,0.484,0.882,1.4,5.5,5.8,0.7,0.4,3.3,24.7,40.1
30,Kristaps Porzingis, C,WAS,65,32.6,0.498,0.851,2.1,8.4,2.7,0.9,1.5,2.1,23.2,40
31,DeMar DeRozan, SF,CHI,74,36.2,0.504,0.872,0.6,4.6,5.1,1.1,0.5,2.1,24.5,39.7
32,Paul George, F,LAC,56,34.6,0.457,0.871,2.8,6.1,5.1,1.5,0.4,3.1,23.8,39.3
33,Jalen Brunson, PG,NYK,68,35,0.491,0.829,2,3.5,6.2,0.9,0.2,2.1,24,38.8
34,Anthony Edwards, SG,MIN,79,36,0.459,0.756,2.7,5.8,4.4,1.6,0.7,3.3,24.6,38.8
35,Karl-Anthony Towns, C,MIN,29,33,0.495,0.874,2.1,8.1,4.8,0.7,0.6,3,20.8,38
36,Zach LaVine, SG,CHI,77,35.9,0.485,0.848,2.6,4.5,4.2,0.9,0.2,2.5,24.8,37.9
37,Bradley Beal, SG,WAS,50,33.5,0.506,0.842,1.6,3.9,5.4,0.9,0.7,2.9,23.2,37.6
38,Bam Adebayo, C,MIA,75,34.6,0.54,0.806,0,9.2,3.2,1.2,0.8,2.5,20.4,37.4
39,Darius Garland, PG,CLE,69,35.5,0.462,0.863,2.4,2.7,7.8,1.2,0.1,2.9,21.6,36.8
40,Jrue Holiday, PG,MIL,67,32.6,0.479,0.859,2.4,5.1,7.4,1.2,0.4,2.9,19.3,36.7
41,Nikola Vucevic, C,CHI,82,33.5,0.52,0.835,1.5,11,3.2,0.7,0.7,1.7,17.6,36.5
42,Dejounte Murray, SG,ATL,74,36.4,0.464,0.832,1.8,5.3,6.1,1.5,0.3,2.2,20.5,36.3
43,RaiQuan Gray, F,BKN,1,35,0.5,1,2,9,7,0,1,4,16,36.1
44,Desmond Bane, SG,MEM,58,31.7,0.479,0.883,2.9,5,4.4,1,0.4,2.2,21.5,35.5
45,Fred VanVleet, SG,TOR,69,36.7,0.393,0.898,3,4.1,7.2,1.8,0.6,2,19.3,35.2
46,CJ McCollum, SG,NOR,75,35.3,0.437,0.769,2.8,4.4,5.7,0.9,0.5,2.4,20.9,34.4
47,Deandre Ayton, C,PHO,67,30.4,0.589,0.76,0.1,10,1.7,0.6,0.8,1.8,18,34.2
48,Jamal Murray, PG,DEN,65,32.8,0.454,0.833,2.6,4,6.2,1,0.2,2.2,20,34.2
49,Kyle Kuzma, SF,WAS,64,35,0.448,0.73,2.5,7.2,3.7,0.6,0.5,3,21.2,34
50,Josh Giddey, SG,OKC,76,31.1,0.482,0.731,1,7.9,6.2,0.8,0.4,2.8,16.6,33.9
51,Cade Cunningham, PG,DET,12,33.3,0.415,0.837,1.4,6.2,6,0.8,0.6,3.3,19.9,33.9
52,Kevin Porter Jr., SG,HOU,59,34.3,0.442,0.784,2.4,5.3,5.7,1.4,0.3,3.2,19.2,33.3
53,Jaren Jackson Jr., PF,MEM,63,28.4,0.506,0.788,1.6,6.8,1,1,3,1.7,18.6,33.1
54,Myles Turner, C,IND,62,29.4,0.548,0.783,1.5,7.5,1.4,0.6,2.3,1.7,18,33.1
55,Evan Mobley, PF,CLE,79,34.4,0.554,0.674,0.3,9,2.8,0.8,1.5,1.8,16.2,32.9
56,Terry Rozier, SG,CHA,63,35.3,0.415,0.809,2.6,4.1,5.1,1.2,0.3,2.1,21.1,32.8
57,Skylar Mays, SG,POR,6,31.5,0.5,0.923,2,3.2,8.3,1,0.2,1.7,15.3,32.7
58,Tyler Herro, PG,MIA,67,34.9,0.439,0.934,3,5.4,4.2,0.8,0.2,2.4,20.1,32.6
59,Mikal Bridges, SF,BKN,83,35.7,0.468,0.895,2,4.4,3.3,1.1,0.7,1.5,20.1,32.4
60,Chris Paul, PG,PHO,59,32,0.44,0.831,1.7,4.3,8.9,1.5,0.4,1.9,13.9,32.2
61,Keldon Johnson, SF,SAS,63,32.7,0.452,0.749,2.1,5,2.9,0.7,0.2,2.1,22,31.8
62,Alperen Sengun, C,HOU,75,28.9,0.553,0.715,0.3,9,3.9,0.9,0.9,2.6,14.8,31.7
63,Paolo Banchero, PF,ORL,72,33.8,0.427,0.738,1.2,6.9,3.7,0.8,0.5,2.8,20,31.7
64,Louis King, SF,PHI,1,29,0.615,0,4,4,2,1,0,2,20,31.6
65,Klay Thompson, SG,GSW,69,33,0.436,0.879,4.4,4.1,2.4,0.7,0.4,1.8,21.9,31.5
66,Russell Westbrook, PG,LAC,73,29.1,0.436,0.656,1.2,5.8,7.5,1,0.5,3.5,15.9,31.4
67,D'Angelo Russell, PG,LAL,71,32.5,0.469,0.829,2.7,3,6.2,1,0.4,2.6,17.8,31.3
68,Jordan Clarkson, PG,UTH,61,32.6,0.444,0.816,2.5,4,4.4,0.5,0.2,3,20.8,31.3
69,Jerami Grant, SF,POR,63,35.7,0.475,0.813,2.3,4.5,2.4,0.8,0.8,1.8,20.5,31.2
70,Bojan Bogdanovic, SF,DET,59,32.1,0.488,0.884,2.5,3.8,2.6,0.6,0.1,2.3,21.6,31.2
71,Jarrett Allen, C,CLE,68,32.6,0.644,0.733,0,9.8,1.7,0.8,1.2,1.4,14.3,31.1
72,Anfernee Simons, SG,POR,62,35,0.447,0.894,3.4,2.6,4.1,0.7,0.2,2.1,21.1,31.1
73,Spencer Dinwiddie, PG,BKN,79,34.5,0.438,0.812,2.3,3.4,6.5,0.8,0.3,1.8,17.3,31.1
74,Tyrese Maxey, PG,PHI,60,33.6,0.481,0.845,2.7,2.9,3.5,0.8,0.1,1.3,20.3,30.9
75,Nic Claxton, C,BKN,76,29.9,0.705,0.541,0,9.2,1.9,0.9,2.5,1.3,12.6,30.9
76,Jalen Green, SG,HOU,76,34.2,0.417,0.786,2.5,3.7,3.7,0.8,0.2,2.6,22.1,30.8
77,Rudy Gobert, C,MIN,70,30.7,0.659,0.644,0,11.6,1.2,0.8,1.4,1.7,13.4,30.7
78,Scottie Barnes, SF,TOR,77,34.8,0.456,0.772,0.8,6.6,4.8,1.1,0.8,2,15.3,30.2
79,Brook Lopez, C,MIL,78,30.4,0.531,0.784,1.7,6.7,1.3,0.5,2.5,1.4,15.9,30
80,Aaron Gordon, PF,DEN,68,30.2,0.564,0.608,0.9,6.6,3,0.8,0.8,1.4,16.3,30
81,Jordan Poole, SG,GSW,82,30,0.43,0.87,2.6,2.7,4.5,0.8,0.3,3.1,20.4,29.9
82,Franz Wagner, SF,ORL,80,32.6,0.485,0.842,1.6,4.1,3.5,1,0.2,2.1,18.6,29.6
83,Christian Wood, F,DAL,67,25.9,0.515,0.772,1.6,7.3,1.8,0.4,1.1,1.8,16.6,29.5
84,Wendell Carter Jr., C,ORL,57,29.6,0.525,0.738,1.4,8.7,2.3,0.5,0.6,1.9,15.2,29.4
85,Devin Vassell, SG,SAS,38,31,0.439,0.78,2.7,3.9,3.6,1.1,0.4,1.5,18.5,29.4
86,Jakob Poeltl, C,TOR,72,26.5,0.629,0.592,0,9.1,2.7,0.9,1.2,1.7,12.5,29.1
87,Jonas Valanciunas, C,NOR,79,24.9,0.547,0.826,0.5,10.2,1.8,0.3,0.7,2,14.1,28.9
88,Clint Capela, C,ATL,65,26.6,0.653,0.603,0,11,0.9,0.7,1.2,0.8,12,28.8
89,Kelly Oubre Jr., SG,CHA,48,32.3,0.431,0.76,2.3,5.2,1.1,1.4,0.4,1.3,20.3,28.7
90,Andrew Wiggins, SF,GSW,37,32.2,0.473,0.611,2.4,5,2.3,1.2,0.8,1.3,17.1,28.3
91,Buddy Hield, SG,IND,80,31,0.458,0.822,3.6,5,2.8,1.2,0.3,1.7,16.8,28.3
92,Kris Dunn, G,UTH,22,25.8,0.537,0.774,0.8,4.5,5.6,1.1,0.5,1.6,13.2,28.3
93,Jusuf Nurkic, C,POR,52,26.8,0.519,0.661,0.8,9.1,2.9,0.8,0.8,2.3,13.3,28.1
94,O.G. Anunoby, SF,TOR,67,35.6,0.476,0.838,2.1,5,2,1.9,0.7,2,16.8,28
95,RJ Barrett, SG,NYK,73,33.9,0.434,0.74,1.7,5,2.8,0.4,0.2,2.2,19.6,28
96,Markelle Fultz, PG,ORL,60,29.6,0.514,0.783,0.5,3.9,5.7,1.5,0.4,2.3,14,27.9
97,Michael Porter Jr., SF,DEN,62,29,0.487,0.8,3,5.5,1,0.6,0.5,1.1,17.4,27.5
98,Bobby Portis, F,MIL,70,26,0.496,0.768,1.4,9.6,1.5,0.4,0.2,1.2,14.1,27.5
99,Tobias Harris, PF,PHI,74,32.9,0.501,0.876,1.7,5.7,2.5,0.9,0.5,1.2,14.7,27
100,Tre Jones, PG,SAS,68,29.2,0.459,0.86,0.7,3.6,6.6,1.3,0.1,1.6,12.9,26.9
101,Khris Middleton, SF,MIL,33,24.3,0.436,0.902,1.5,4.2,4.9,0.7,0.2,2.2,15.1,26.7
102,Draymond Green, PF,GSW,73,31.5,0.527,0.713,0.5,7.2,6.8,1,0.8,2.8,8.5,26.6
103,Mason Plumlee, C,LAC,79,26,0.68,0.636,0,8.9,3.1,0.6,0.6,1.5,10.8,26.5
104,Jaden Ivey, PG,DET,74,31.1,0.416,0.747,1.6,3.9,5.2,0.8,0.2,3.2,16.3,26.4
105,Malcolm Brogdon, PG,BOS,67,26,0.484,0.87,2,4.2,3.7,0.7,0.3,1.5,14.9,26.4
106,P.J. Washington, PF,CHA,73,32.6,0.444,0.73,2,4.9,2.4,0.9,1.1,1.5,15.7,26.2
107,Jalen Williams, F,OKC,75,30.3,0.521,0.812,1,4.5,3.3,1.4,0.5,1.6,14.1,26.2
108,Gordon Hayward, SF,CHA,50,31.5,0.475,0.811,1,4.3,4.1,0.8,0.2,2,14.7,25.8
109,Immanuel Quickley, SG,NYK,81,28.9,0.448,0.819,2.1,4.2,3.4,1,0.2,1.2,14.9,25.6
110,Kelly Olynyk, PF,UTH,68,28.6,0.499,0.853,1.4,6.2,3.7,0.9,0.5,2.5,12.5,25.6
111,Cameron Johnson, SF,BKN,42,28.6,0.47,0.842,2.5,4.4,1.9,1.2,0.3,0.9,15.5,25.5
112,Kevin Huerter, SG,SAC,75,29.4,0.485,0.725,2.7,3.3,2.9,1.1,0.3,1.3,15.2,25.4
113,Ivica Zubac, C,LAC,76,28.5,0.634,0.697,0,9.9,1,0.4,1.3,1.5,10.8,25.3
114,Mike Conley, PG,MIN,67,30.3,0.428,0.834,2,2.7,6.7,1.1,0.2,1.5,11.9,25.3
115,Steven Adams, C,MEM,42,27,0.597,0.364,0,11.5,2.3,0.9,1.1,1.9,8.6,24.9
116,Josh Hart, SG,NYK,76,32.3,0.529,0.75,0.8,7.8,3.8,1.2,0.3,1.5,9.8,24.8
117,Gary Trent Jr., SG,TOR,66,32.1,0.433,0.839,2.5,2.6,1.6,1.6,0.2,0.8,17.4,24.8
118,Cole Anthony, PG,ORL,60,25.9,0.454,0.894,1.3,4.8,3.9,0.6,0.5,1.5,13,24.8
119,Norman Powell, G,LAC,60,26.1,0.479,0.812,1.9,2.9,1.8,0.8,0.3,1.7,17,24.4
120,John Collins, PF,ATL,71,30,0.508,0.803,1,6.5,1.2,0.6,1,1.1,13.1,24.3
121,Marcus Smart, PG,BOS,61,32.1,0.415,0.746,1.9,3.1,6.3,1.5,0.4,2.3,11.5,24.2
122,Walker Kessler, C,UTH,74,23,0.72,0.516,0,8.4,0.9,0.4,2.3,0.8,9.2,24.2
123,Derrick White, PG,BOS,82,28.3,0.462,0.875,1.8,3.6,3.9,0.7,0.9,1.2,12.4,24.1
124,Kyle Anderson, SF,MIN,69,28.4,0.509,0.735,0.6,5.3,4.9,1.1,0.9,1.5,9.4,24
125,Zach Collins, PF,SAS,63,22.9,0.518,0.761,0.9,6.4,2.9,0.6,0.8,2,11.6,23.8
126,Trey Murphy III, SG,NOR,79,31,0.484,0.905,2.6,3.6,1.4,1.1,0.5,0.8,14.5,23.8
127,Harrison Barnes, SF,SAC,82,32.5,0.473,0.847,1.6,4.5,1.6,0.7,0.1,1,15,23.5
128,Mac McClung, SG,PHI,2,20.5,0.45,0.6,2,5,4.5,0,0,1.5,12.5,23.4
129,Shaquille Harrison, G,LAL,5,24,0.417,0.733,0.6,4.4,6,2.2,0.4,1.2,8.8,23.4
130,Kyle Lowry, PG,MIA,55,31.2,0.404,0.859,1.9,4.1,5.1,1,0.4,1.9,11.2,23.3
131,Bennedict Mathurin, SG,IND,78,28.5,0.434,0.828,1.3,4.1,1.5,0.6,0.2,1.9,16.7,23.2
132,Al Horford, C,BOS,63,30.5,0.476,0.714,2.3,6.2,3,0.5,1,0.6,9.8,23.2
133,Ben Simmons, PG,BKN,42,26.3,0.566,0.439,0,6.3,6.1,1.3,0.6,2.3,6.9,23
134,De'Andre Hunter, SF,ATL,67,31.7,0.461,0.826,1.5,4.2,1.4,0.5,0.3,1.2,15.4,22.9
135,Bogdan Bogdanovic, SG,ATL,54,27.9,0.447,0.831,2.7,3.1,2.8,0.8,0.3,1.2,14,22.9
136,Austin Reaves, SG,LAL,64,28.8,0.529,0.864,1.3,3,3.4,0.5,0.3,1.5,13,22.9
137,Jabari Smith Jr., PF,HOU,79,31,0.408,0.786,1.5,7.2,1.3,0.5,0.9,1.3,12.8,22.8
138,Kenyon Martin Jr., F,HOU,82,28,0.569,0.68,0.8,5.5,1.5,0.5,0.4,1.1,12.7,22.7
139,Robert Williams III, C,BOS,35,23.5,0.747,0.61,0,8.3,1.4,0.6,1.4,1,8,22.6
140,Malik Monk, SG,SAC,77,22.3,0.448,0.889,1.9,2.6,3.9,0.6,0.3,1.9,13.5,22.6
141,Onyeka Okongwu, PF,ATL,80,23.1,0.638,0.781,0.1,7.2,1,0.7,1.3,1,9.9,22.6
142,Monte Morris, PG,WAS,62,27.4,0.48,0.831,1.3,3.4,5.3,0.7,0.2,1,10.3,22.6
143,Bruce Brown, SF,DEN,80,28.5,0.483,0.758,1.1,4.1,3.4,1.1,0.6,1.5,11.5,22.4
144,Mitchell Robinson, C,NYK,59,26.9,0.671,0.484,0,9.4,0.9,0.9,1.8,0.7,7.4,22.4
145,Isaiah Stewart, C,DET,50,28.3,0.442,0.738,1.3,8.1,1.4,0.4,0.7,1.4,11.3,22.3
146,Jalen Duren, C,DET,67,24.9,0.648,0.611,0,8.9,1.1,0.7,0.9,1.4,9.1,22.3
147,Kevon Looney, F,GSW,82,23.9,0.63,0.606,0,9.3,2.5,0.6,0.6,0.5,7,22.2
148,Caris LeVert, SG,CLE,74,30.2,0.431,0.722,1.7,3.8,3.9,1,0.3,1.6,12.1,22.2
149,Saddiq Bey, SF,ATL,77,27.6,0.422,0.861,2,4.7,1.5,0.9,0.2,0.9,13.8,22
150,Marvin Bagley III, PF,DET,42,23.6,0.529,0.75,0.5,6.4,0.9,0.5,0.7,1.1,12,21.9
151,Collin Sexton, PG,UTH,48,23.9,0.506,0.819,1,2.2,2.9,0.6,0.1,1.8,14.3,21.8
152,Jaden McDaniels, PF,MIN,79,30.6,0.517,0.736,1.4,3.9,1.9,0.9,1,1.4,12.1,21.7
153,Dennis Schroder, PG,LAL,66,30.1,0.415,0.857,1.1,2.5,4.5,0.8,0.2,1.7,12.6,21.6
154,Luguentz Dort, G,OKC,74,30.7,0.388,0.772,1.8,4.6,2.1,1,0.3,1.2,13.7,21.6
155,Killian Hayes, PG,DET,76,28.3,0.377,0.821,1.1,2.9,6.2,1.4,0.4,2.3,10.3,21.5
156,Tim Hardaway Jr., SF,DAL,71,30.3,0.401,0.77,3,3.5,1.8,0.7,0.2,0.8,14.4,21.4
157,Dillon Brooks, SF,MEM,73,30.3,0.396,0.779,2,3.3,2.6,0.9,0.2,1.4,14.3,21.3
158,Tyus Jones, PG,MEM,80,24.2,0.438,0.806,1.5,2.5,5.2,1,0.1,0.9,10.3,21.3
159,Keegan Murray, SF,SAC,80,29.8,0.453,0.765,2.6,4.6,1.2,0.8,0.5,0.8,12.2,21
160,T.J. McConnell, PG,IND,75,20.3,0.543,0.853,0.3,3.1,5.3,1.1,0.1,1.9,8.7,20.6
161,John Wall, PG,HOU,34,22.2,0.407,0.681,1,2.7,5.2,0.8,0.4,2.4,11.4,20.6
162,Naz Reid, C,MIN,68,18.4,0.537,0.677,1.1,4.9,1.1,0.6,0.8,1.4,11.5,20.5
163,Brandon Clarke, PF,MEM,56,19.5,0.656,0.719,0,5.5,1.3,0.6,0.7,1,10,20.4
164,Jarred Vanderbilt, PF,LAL,78,24.1,0.548,0.691,0.4,7.5,2.4,1.1,0.3,1.2,7.9,20.4
165,Donte DiVincenzo, SG,GSW,72,26.3,0.435,0.817,2.1,4.5,3.5,1.3,0.1,1.6,9.4,20.3
166,Jeremy Sochan, F,SAS,56,26,0.453,0.698,0.6,5.3,2.5,0.8,0.4,1.7,11,20.2
167,Alec Burks, SG,DET,51,22,0.436,0.814,1.9,3.1,2.2,0.7,0.2,1.1,12.8,20.2
168,Deni Avdija, SF,WAS,76,26.6,0.437,0.739,0.9,6.4,2.8,0.9,0.4,1.6,9.2,20
169,Royce O'Neale, PF,BKN,76,31.7,0.386,0.725,2.1,5.1,3.7,0.9,0.6,1.5,8.8,20
170,De'Anthony Melton, SG,PHI,77,27.9,0.426,0.793,2,4.1,2.6,1.6,0.5,1.3,10.1,20
171,Mark Williams, C,CHA,43,19.3,0.637,0.691,0,7.1,0.4,0.7,1,0.9,9,20
172,Daniel Gafford, C,WAS,78,20.6,0.732,0.679,0,5.6,1.1,0.4,1.3,1.1,9,19.9
173,Jeenathan Williams, G,POR,5,25.4,0.615,0.667,0.6,3,2,0.6,0.4,0.8,10.6,19.6
174,Herbert Jones, SF,NOR,66,29.6,0.469,0.764,0.8,4.1,2.5,1.6,0.6,1.3,9.8,19.6
175,Kentavious Caldwell-Pope, SG,DEN,76,31.3,0.462,0.824,1.8,2.7,2.4,1.5,0.5,1.1,10.8,19.5
176,Quentin Grimes, SG,NYK,71,29.9,0.468,0.796,2.2,3.2,2.1,0.7,0.4,1,11.3,19.5
177,Dennis Smith Jr., PG,CHA,54,25.7,0.412,0.736,0.4,3.1,4.8,1.4,0.5,1.5,8.8,19.3
178,Eric Gordon, SG,LAC,69,28.5,0.446,0.821,1.9,1.9,2.7,0.6,0.4,1.5,12.4,19.3
179,Talen Horton-Tucker, SG,UTH,65,20.2,0.419,0.75,0.9,3.2,3.8,0.6,0.4,1.9,10.7,19.2
180,Andrew Nembhard, PG,IND,75,27.7,0.441,0.79,1.2,2.7,4.5,0.9,0.2,1.7,9.5,19.1
181,Thomas Bryant, C,DEN,59,18.3,0.623,0.738,0.4,5.7,0.5,0.3,0.5,0.6,9.8,19
182,Delon Wright, SG,WAS,50,24.4,0.474,0.867,0.8,3.6,3.9,1.8,0.3,0.9,7.4,19
183,Victor Oladipo, SG,MIA,42,26.3,0.397,0.747,1.7,3,3.5,1.4,0.3,2.1,10.7,18.9
184,Bones Hyland, PG,LAC,56,19.4,0.399,0.843,2.1,2.4,3.1,0.7,0.3,1.5,11.8,18.9
185,Malik Beasley, SG,LAL,81,25.8,0.395,0.769,2.9,3.5,1.5,0.8,0.1,1.1,12.7,18.9
186,Bol Bol, C,ORL,70,21.5,0.546,0.759,0.4,5.8,1,0.4,1.2,1.6,9.1,18.7
187,Marcus Morris Sr., SF,LAC,65,28.1,0.426,0.782,1.7,4,1.8,0.6,0.3,0.9,11.2,18.7
188,Cameron Payne, PG,PHO,48,20.2,0.415,0.766,1.4,2.2,4.5,0.7,0.2,1.7,10.3,18.7
189,Moritz Wagner, C,ORL,57,19.5,0.5,0.841,0.9,4.5,1.5,0.6,0.2,1.2,10.5,18.7
190,Max Strus, SG,MIA,80,28.4,0.41,0.876,2.5,3.2,2.1,0.5,0.2,0.9,11.5,18.6
191,Caleb Martin, SF,MIA,71,29.3,0.464,0.805,1.2,4.8,1.6,1,0.4,1.1,9.6,18.5
192,Grayson Allen, SG,MIL,72,27.4,0.44,0.905,2,3.3,2.3,0.9,0.2,1,10.4,18.5
193,James Wiseman, C,DET,45,19.3,0.558,0.701,0.1,5.9,0.7,0.2,0.6,1.1,10,18.5
194,Rui Hachimura, PF,LAL,63,23.3,0.486,0.74,0.8,4.5,0.9,0.3,0.4,0.8,11.2,18.4
195,Tari Eason, F,HOU,82,21.5,0.448,0.752,0.7,6,1.1,1.2,0.6,1.2,9.3,18.3
196,Jacob Gilyard, G,MEM,1,41,0.333,0,1,4,7,3,0,2,3,18.3
197,Jalen Smith, PF,IND,68,18.8,0.476,0.759,0.8,5.8,1,0.3,0.9,1.1,9.4,18.2
198,Patrick Williams, PF,CHI,82,28.3,0.464,0.857,1.4,4,1.2,0.9,0.9,1.2,10.2,18.2
199,Nick Richards, C,CHA,65,18.7,0.629,0.749,0,6.4,0.6,0.2,1.1,0.9,8.2,18
200,Luka Samanic, F,UTH,7,23,0.456,0.692,1.1,4.3,2.1,0.9,0.3,1.4,9.9,18
201,Jalen Suggs, SG,ORL,53,23.5,0.419,0.723,1.2,3,2.9,1.3,0.5,1.8,9.9,17.9
202,Chris Boucher, PF,TOR,76,20,0.493,0.762,0.8,5.5,0.4,0.6,0.8,0.5,9.4,17.9
203,Josh Richardson, SG,NOR,65,23.5,0.431,0.852,1.6,2.7,2.7,1.1,0.3,1.3,10.1,17.8
204,Precious Achiuwa, PF,TOR,55,20.7,0.485,0.702,0.5,6,0.9,0.6,0.5,1.1,9.2,17.7
205,Jalen McDaniels, PF,PHI,80,23.9,0.455,0.841,1,4.3,1.6,1,0.4,1.2,9.4,17.6
206,Corey Kispert, SF,WAS,74,28.3,0.497,0.852,2.2,2.8,1.2,0.4,0.1,0.7,11.1,17.6
207,Kenrich Williams, SF,OKC,53,22.8,0.517,0.436,0.9,4.9,2,0.8,0.3,0.6,8,17.6
208,Jonathan Kuminga, PF,GSW,67,20.8,0.525,0.652,0.8,3.4,1.9,0.6,0.5,1.4,9.9,17.5
209,Coby White, PG,CHI,74,23.4,0.443,0.871,1.7,2.9,2.8,0.7,0.1,1,9.7,17.5
210,Santi Aldama, PF,MEM,77,21.8,0.47,0.75,1.2,4.8,1.3,0.6,0.6,0.8,9,17.4
211,Larry Nance Jr., PF,NOR,65,21.2,0.61,0.696,0.2,5.4,1.8,0.9,0.6,0.6,6.8,17.4
212,Kevin Love, PF,MIA,62,20,0.389,0.879,1.6,6.4,1.9,0.3,0.2,1.1,8.2,17.3
213,Keita Bates-Diop, SF,SAS,67,21.7,0.508,0.793,0.8,3.7,1.5,0.7,0.3,0.8,9.7,17.3
214,Jae'Sean Tate, SF,HOU,31,21.8,0.48,0.725,0.4,3.8,2.7,0.7,0.2,1.5,9.1,17.3
215,Aleksej Pokusevski, F,OKC,34,20.6,0.434,0.629,1.1,4.7,1.9,0.6,1.3,1.3,8.1,17.2
216,Aaron Nesmith, SF,IND,73,24.9,0.427,0.838,1.6,3.8,1.3,0.8,0.5,1,10.1,17.2
217,Reggie Jackson, PG,DEN,68,24.4,0.411,0.91,1.4,2.1,3.4,0.7,0.1,1.7,10.2,17.1
218,Drew Eubanks, PF,POR,78,20.3,0.641,0.664,0.1,5.4,1.3,0.5,1.3,0.9,6.6,17
219,Terance Mann, SG,LAC,81,23.1,0.519,0.78,1,3.4,2.3,0.5,0.3,1,8.8,17
220,Jaylen Nowell, SG,MIN,65,19.3,0.448,0.778,1,2.6,2,0.6,0.1,1,10.8,16.9
221,Justise Winslow, PF,POR,29,26.8,0.409,0.714,0.5,5,3.4,1,0.4,1.5,6.8,16.8
222,Torrey Craig, SF,PHO,79,24.7,0.456,0.711,1.3,5.4,1.5,0.6,0.8,0.9,7.4,16.7
223,Lonnie Walker IV, G,LAL,56,23.2,0.448,0.858,1.6,1.9,1.1,0.5,0.3,0.8,11.7,16.7
224,Xavier Tillman, F,MEM,61,19.3,0.614,0.551,0.1,5,1.6,1,0.5,0.7,7,16.6
225,Naji Marshall, SF,NOR,77,23.3,0.433,0.789,0.9,3.6,2.5,0.7,0.2,1.3,9.1,16.5
226,Ayo Dosunmu, SG,CHI,80,26.2,0.493,0.805,0.7,2.8,2.6,0.8,0.3,1.2,8.6,16.3
227,Dorian Finney-Smith, PF,BKN,66,30.4,0.391,0.763,1.7,4.8,1.5,0.8,0.5,0.9,8.3,16.3
228,Jose Alvarado, PG,NOR,61,21.5,0.411,0.813,1.4,2.3,3,1.1,0.2,1.3,9,16.3
229,Grant Williams, PF,BOS,79,25.9,0.454,0.77,1.5,4.6,1.7,0.5,0.4,1,8.1,16.2
230,Josh Green, SG,DAL,60,25.7,0.537,0.723,1.1,3,1.7,0.7,0.1,1.2,9.1,16.1
231,Malaki Branham, G,SAS,66,23.5,0.44,0.829,1.2,2.7,1.9,0.5,0.1,1.2,10.2,16.1
232,Luke Kennard, SG,MEM,59,22.3,0.492,0.949,2.3,2.7,1.5,0.5,0.1,0.8,9.3,16
233,Shake Milton, SG,PHI,76,20.6,0.479,0.853,0.7,2.5,3.2,0.3,0.2,1.2,8.4,15.9
234,Hamidou Diallo, SG,DET,56,17.8,0.573,0.588,0.1,3.5,1,0.9,0.3,1.3,9.3,15.7
235,Isaiah Jackson, SF,IND,63,16.5,0.563,0.651,0,4.5,0.8,0.5,1.5,0.8,7.2,15.6
236,Shaedon Sharpe, SG,POR,80,22.2,0.472,0.714,1.3,3,1.2,0.5,0.3,1,9.9,15.6
237,Julian Champagnie, F,SAS,17,18.8,0.454,0.824,1.9,3.5,0.6,0.4,0.3,0.6,9.7,15.5
238,Gabe Vincent, PG,MIA,68,25.9,0.402,0.872,1.7,2.1,2.5,0.9,0.1,1.4,9.4,15.4
239,Trendon Watford, PF,POR,62,19.1,0.56,0.72,0.4,3.8,2.1,0.5,0.2,1.1,7.4,15.4
240,Charles Bassey, C,SAS,35,14.5,0.644,0.595,0.1,5.5,1.3,0.5,0.9,1.2,5.7,15.3
241,Cam Reddish, SF,POR,40,24.8,0.446,0.853,1.1,2.2,1.4,1,0.4,1.2,9.7,15.3
242,Patrick Beverley, PG,CHI,67,27.1,0.4,0.723,1.2,3.7,2.9,0.9,0.6,0.9,6.2,15.2
243,Doug McDermott, SF,SAS,64,20.5,0.457,0.757,1.9,2.2,1.4,0.2,0.1,0.9,10.2,15.2
244,Jevon Carter, PG,MIL,81,22.4,0.423,0.816,1.8,2.5,2.4,0.8,0.4,1,8,15.2
245,Joe Ingles, SG,MIL,46,22.7,0.435,0.857,1.8,2.8,3.3,0.7,0.1,1.2,6.9,15.2
246,Isaiah Joe, SG,OKC,73,19.1,0.441,0.82,2.2,2.4,1.2,0.7,0.1,0.5,9.5,15.1
247,Isaiah Hartenstein, C,NYK,82,19.9,0.535,0.676,0.1,6.5,1.2,0.6,0.8,0.8,5,15
248,Jordan Nwora, SF,IND,62,19.2,0.436,0.791,1.4,3.7,1.4,0.4,0.2,1.1,8.7,15
249,Jordan Goodwin, G,WAS,62,17.8,0.448,0.768,0.6,3.3,2.7,0.9,0.4,0.9,6.6,14.9
250,Jay Huff, C,WAS,7,13.6,0.6,0.938,0.9,3,1.4,0.4,0.6,0.7,7.3,14.9
251,Taurean Prince, PF,MIN,54,22.1,0.467,0.844,1.4,2.4,1.6,0.5,0.3,1.3,9.1,14.9
252,Joshua Primo, SG,SAS,4,23.3,0.346,0.778,0.8,3.3,4.5,0.3,0.5,2.8,7,14.8
253,Jae Crowder, PF,MIL,18,18.9,0.479,0.833,1.3,3.8,1.5,0.7,0.3,0.4,6.9,14.7
254,Alex Caruso, SG,CHI,67,23.5,0.455,0.808,0.8,2.9,2.9,1.5,0.7,1.1,5.6,14.7
255,Pat Connaughton, SG,MIL,61,23.7,0.392,0.659,1.8,4.6,1.3,0.6,0.2,0.5,7.6,14.7
256,Cam Thomas, SG,BKN,57,16.6,0.441,0.868,0.9,1.7,1.4,0.4,0.1,1.1,10.6,14.7
257,Theo Maledon, PG,CHA,44,19.4,0.402,0.851,0.6,2.8,3.5,0.8,0.3,1.3,6.7,14.7
258,Andre Drummond, C,CHI,67,12.7,0.606,0.536,0,6.6,0.5,0.7,0.4,1.1,6,14.5
259,Seth Curry, SG,BKN,61,19.9,0.463,0.927,1.5,1.6,1.6,0.6,0.1,0.8,9.2,14.5
260,Mo Bamba, C,LAL,49,15.7,0.485,0.661,1,4.6,0.9,0.3,0.9,0.6,6.6,14.3
261,Dwight Powell, C,DAL,76,19.2,0.732,0.667,0,4.1,0.9,0.6,0.3,0.9,6.7,14.2
262,Troy Brown Jr., SF,LAL,76,24.5,0.43,0.872,1.4,4.1,1.3,0.8,0.2,0.6,7.1,14.1
263,Trey Lyles, PF,SAC,74,16.9,0.458,0.815,1.2,4.1,0.9,0.4,0.4,0.9,7.6,14.1
264,Cory Joseph, PG,DET,62,19.8,0.427,0.792,1.1,1.7,3.5,0.5,0.1,0.9,6.9,14
265,Gary Harris, SG,ORL,48,24.7,0.45,0.9,2,2,1.2,0.9,0.3,0.6,8.3,14
266,Cedi Osman, SF,CLE,77,20.1,0.451,0.694,1.5,2.3,1.5,0.5,0.1,0.7,8.7,14
267,Ty Jerome, SG,GSW,45,18.1,0.488,0.927,0.8,1.7,3,0.5,0.1,0.7,6.9,14
268,Landry Shamet, SG,PHO,40,20.2,0.377,0.882,1.9,1.7,2.3,0.7,0.1,0.9,8.7,14
269,Reggie Bullock, SF,DAL,78,30.3,0.409,0.703,1.9,3.6,1.4,0.7,0.2,0.5,7.2,13.9
270,AJ Griffin, F,ATL,72,19.5,0.465,0.894,1.4,2.1,1,0.6,0.2,0.6,8.9,13.9
271,Damion Lee, SG,PHO,74,20.4,0.442,0.904,1.5,3,1.3,0.4,0.1,1.1,8.2,13.8
272,Willy Hernangomez, C,NOR,38,12.1,0.527,0.779,0.1,4.7,0.9,0.4,0.3,1,6.9,13.8
273,Terrence Ross, G,PHO,63,21.1,0.43,0.794,1.5,2.4,1.5,0.6,0.2,0.7,8.3,13.7
274,Nicolas Batum, PF,LAC,78,21.9,0.42,0.708,1.6,3.8,1.6,0.7,0.6,0.6,6.1,13.7
275,Jaylin Williams, F,OKC,49,18.7,0.436,0.704,0.9,4.9,1.6,0.6,0.2,0.8,5.9,13.7
276,Josh Okogie, SF,PHO,72,18.8,0.391,0.724,0.9,3.5,1.5,0.8,0.5,0.9,7.3,13.5
277,Jeremiah Robinson-Earl, PF,OKC,43,18.9,0.444,0.833,0.9,4.2,1,0.6,0.3,0.4,6.8,13.5
278,Anthony Lamb, F,GSW,62,19.3,0.471,0.767,1.2,3.5,1.5,0.5,0.3,0.9,6.7,13.5
279,Gabe York, G,IND,3,18.7,0.381,1,2,2,1.7,0.7,0,0,8,13.4
280,Devonte' Graham, PG,SAS,73,18.3,0.374,0.748,1.6,1.7,2.7,0.6,0.2,0.7,7.4,13.3
281,Kemba Walker, PG,DAL,9,16,0.421,0.81,0.8,1.8,2.1,0.2,0.2,0.4,8,13.2
282,Jock Landale, C,PHO,69,14.2,0.528,0.752,0.3,4.1,1,0.2,0.4,0.9,6.6,13.2
283,Georges Niang, SF,PHI,78,19.4,0.442,0.867,2,2.4,1,0.4,0.2,0.7,8.2,13.1
284,DeAndre Jordan, C,DEN,39,15,0.765,0.458,0,5.2,0.9,0.3,0.6,1.2,5.1,13.1
285,T.J. Warren, SF,PHO,42,16.4,0.489,0.8,0.5,2.9,1,0.5,0.3,0.5,7.5,13.1
286,Joe Harris, SF,BKN,74,20.6,0.457,0.643,1.9,2.2,1.4,0.5,0.2,0.6,7.6,13.1
287,Maxi Kleber, PF,DAL,37,25.1,0.456,0.711,1.1,3.6,1.4,0.3,0.8,0.7,5.9,13.1
288,Jaden Hardy, G,DAL,48,14.8,0.438,0.823,1.3,1.9,1.4,0.4,0.1,1,8.8,13.1
289,Daniel Theis, C,IND,7,15.6,0.477,0.417,0.3,3.1,1.3,0.3,0.9,0.4,7,13
290,Robert Covington, PF,LAC,48,16.2,0.445,0.75,1.1,3.5,1.2,0.8,0.7,0.7,6,13
291,Jeff Green, PF,DEN,56,19.5,0.488,0.744,0.5,2.6,1.2,0.3,0.3,0.8,7.8,13
292,Stanley Johnson, SF,SAS,30,15.6,0.533,0.667,0.6,3.2,2.2,0.5,0.2,1.1,5.8,13
293,John Konchar, SG,MEM,72,20.8,0.431,0.778,0.8,4.3,1.4,1.1,0.3,0.5,5.1,12.8
294,Aaron Wiggins, SG,OKC,70,18.5,0.512,0.831,0.7,3,1.1,0.6,0.2,0.8,6.8,12.8
295,JaMychal Green, F,GSW,57,14,0.54,0.776,0.7,3.6,0.9,0.4,0.4,0.9,6.4,12.8
296,Cody Zeller, C,MIA,15,14.5,0.627,0.686,0,4.3,0.7,0.2,0.3,0.9,6.5,12.8
297,Tre Mann, PG,OKC,67,17.7,0.393,0.764,1.2,2.3,1.8,0.6,0.2,0.9,7.7,12.6
298,Sandro Mamukelashvili, PF,SAS,43,15.3,0.422,0.684,0.7,4.3,1.4,0.3,0.3,0.8,6.1,12.6
299,Jalen Johnson, SF,ATL,70,14.9,0.491,0.628,0.4,4,1.2,0.5,0.5,0.6,5.6,12.6
300,Obi Toppin, PF,NYK,67,15.7,0.446,0.809,1.3,2.8,1,0.3,0.2,0.6,7.4,12.5
301,Chris Duarte, SG,IND,46,19.5,0.369,0.847,1.2,2.5,1.4,0.5,0.2,0.9,7.9,12.3
302,Dario Saric, PF,OKC,57,14.1,0.458,0.829,0.8,3.6,1.3,0.4,0.1,1,6.4,12.3
303,Ochai Agbaji, G,UTH,59,20.5,0.427,0.812,1.4,2.1,1.1,0.3,0.3,0.7,7.9,12.2
304,Isaac Okoro, SF,CLE,76,21.8,0.494,0.757,0.8,2.5,1.1,0.7,0.4,0.6,6.4,12.2
305,Will Barton, G,TOR,56,17.7,0.379,0.787,1.2,2.4,2,0.5,0.2,0.9,6.8,12.1
306,Jay Scrubb, G,ORL,2,15,0.714,0.5,1,3,0.5,1,0,1.5,6.5,12.1
307,Romeo Langford, SG,SAS,43,19.6,0.467,0.696,0.4,2.7,1.2,0.6,0.3,0.7,6.9,12
308,Wenyen Gabriel, F,LAL,68,15.1,0.596,0.619,0.1,4.2,0.5,0.4,0.5,0.7,5.5,12
309,Ricky Rubio, PG,CLE,33,17.2,0.343,0.8,0.6,2.1,3.5,0.8,0.2,0.9,5.2,11.9
310,Bismack Biyombo, C,PHO,61,14.3,0.578,0.357,0,4.3,0.9,0.3,1.4,0.8,4.3,11.9
311,Isaiah Livers, PF,DET,52,23.1,0.417,0.821,1.4,2.8,0.8,0.5,0.5,0.6,6.7,11.9
312,Gary Payton II, SG,GSW,22,16.7,0.594,0.857,0.6,3.1,1.4,1,0.2,0.7,4.6,11.6
313,Mike Muscala, C,BOS,63,15,0.449,0.769,1.3,3.2,0.8,0.2,0.4,0.4,6.1,11.6
314,Sam Hauser, SF,BOS,80,16.1,0.455,0.706,1.8,2.6,0.9,0.4,0.3,0.4,6.4,11.6
315,Svi Mykhailiuk, SG,CHA,32,14.6,0.445,0.667,1.3,1.7,1.7,0.5,0.1,0.8,6.9,11.6
316,Saben Lee, G,PHO,25,15,0.405,0.737,0.4,1.8,2.7,0.8,0,1,6,11.6
317,Nassir Little, SF,POR,54,18.1,0.442,0.717,1.1,2.6,0.9,0.4,0.4,0.7,6.6,11.5
318,Edmond Sumner, PG,BKN,53,13.9,0.461,0.917,0.6,1.5,1.3,0.6,0.2,0.9,7.1,11.4
319,Otto Porter Jr., SF,TOR,8,18.3,0.5,1,0.8,2.4,1,1.4,0,0.5,5.5,11.3
320,Nickeil Alexander-Walker, SG,MIN,59,15,0.444,0.667,1,1.7,1.8,0.5,0.4,0.9,6.2,11.2
321,Terence Davis, SG,SAC,64,13.1,0.423,0.791,1.4,2.2,1,0.7,0.2,0.8,6.7,11.2
322,Day'Ron Sharpe, C,BKN,48,11.5,0.544,0.636,0.1,4.2,0.8,0.3,0.7,0.9,4.7,11.2
323,Lindell Wigginton, G,MIL,7,12.4,0.486,0.889,0.9,1,2,0,0.3,1.7,7.1,11.1
324,Jonathan Isaac, PF,ORL,11,11.3,0.415,0.556,0.5,4,0.5,1.3,0.4,0.4,5,11.1
325,Eugene Omoruyi, F,DET,40,16.1,0.443,0.68,0.6,2.8,0.7,0.7,0.1,0.9,7,11.1
326,Goran Dragic, PG,MIL,58,15,0.421,0.689,0.9,1.4,2.6,0.2,0.1,1.1,6.3,11
327,George Hill, PG,IND,46,18.1,0.47,0.764,0.7,1.8,2.4,0.6,0.1,0.7,5,11
328,David Roddy, F,MEM,70,18,0.429,0.631,0.9,2.8,0.8,0.4,0.3,0.8,6.7,11
329,Davion Mitchell, PG,SAC,80,18.1,0.454,0.806,0.8,1.3,2.3,0.6,0.2,0.8,5.6,10.9
330,Javonte Green, SF,CHI,32,15,0.565,0.667,0.4,2.8,0.7,0.8,0.7,0.6,5.2,10.9
331,Duane Washington Jr., PG,NYK,31,12.7,0.367,0.667,1.3,1.2,2,0.2,0.1,1.1,7.9,10.9
332,Goga Bitadze, C,ORL,38,12,0.552,0.548,0.2,3.6,1,0.4,0.7,0.6,4.4,10.9
333,Kevin Knox II, SF,POR,63,15.1,0.458,0.767,1,2.8,0.5,0.4,0.2,0.8,6.6,10.9
334,Chuma Okeke, PF,ORL,27,19.2,0.352,0.762,1,3.6,1.4,0.7,0.4,0.6,4.7,10.8
335,Darius Bazley, PF,PHO,43,14.3,0.454,0.543,0.5,3.2,0.9,0.5,0.8,0.6,5.2,10.8
336,Thaddeus Young, PF,TOR,54,14.7,0.545,0.692,0.1,3.1,1.4,1,0.1,0.8,4.4,10.7
337,Kendrick Nunn, G,WAS,70,13.8,0.424,0.854,1.1,1.6,1.3,0.4,0.1,0.9,7.1,10.7
338,Blake Griffin, PF,BOS,41,13.9,0.485,0.656,0.6,3.8,1.5,0.3,0.2,0.5,4.1,10.7
339,Dewayne Dedmon, C,PHI,38,11.2,0.51,0.673,0.3,3.5,0.7,0.2,0.5,0.7,5.2,10.7
340,Cody Martin, SF,CHA,7,19.1,0.389,0.571,0.4,3.4,1.6,0.6,0.1,0.3,5,10.7
341,Jamal Cain, F,MIA,18,13.3,0.561,0.773,0.4,2.9,0.7,0.6,0.1,0.3,5.4,10.7
342,Jericho Sims, C,NYK,52,15.6,0.776,0.75,0,4.7,0.5,0.3,0.5,0.5,3.4,10.7
343,Chance Comanche, C,POR,1,21,0.6,0.25,0,3,0,0,1,0,7,10.7
344,Oshae Brissett, SF,IND,65,16.7,0.386,0.717,0.7,3.4,0.7,0.5,0.2,0.5,6.1,10.6
345,Montrezl Harrell, C,PHI,57,11.9,0.598,0.693,0,2.8,0.6,0.3,0.4,0.6,5.6,10.6
346,Paul Reed, SF,PHI,69,10.9,0.593,0.745,0,3.8,0.4,0.7,0.7,0.7,4.2,10.5
347,Yuta Watanabe, SF,BKN,58,16,0.491,0.723,1,2.4,0.8,0.4,0.3,0.4,5.6,10.5
348,Dean Wade, PF,CLE,44,20.3,0.412,0.652,1,3.4,0.8,0.6,0.5,0.4,4.7,10.5
349,Dyson Daniels, G,NOR,59,17.7,0.418,0.65,0.5,3.2,2.3,0.7,0.2,1,3.8,10.5
350,Luka Garza, C,MIN,28,8.7,0.543,0.788,0.5,2.3,0.6,0.1,0.1,0.5,6.5,10.5
351,Jordan McLaughlin, PG,MIN,43,15.8,0.421,0.833,0.6,1.4,3.4,0.7,0.1,0.8,3.7,10.5
352,R.J. Hampton, PG,DET,47,16,0.43,0.75,0.9,1.9,1.1,0.6,0.2,0.9,6.4,10.4
353,Dominick Barlow, F,SAS,28,14.6,0.535,0.72,0,3.6,0.9,0.4,0.7,0.5,3.9,10.2
354,Lamar Stevens, F,CLE,62,18.1,0.448,0.702,0.5,3.3,0.5,0.4,0.3,0.4,5.3,10.1
355,Chimezie Metu, PF,SAC,66,10.4,0.589,0.74,0.1,3,0.6,0.3,0.3,0.5,4.9,10.1
356,Rodney McGruder, G,DET,32,16.4,0.408,0.818,1.3,2.3,0.9,0.5,0,0.3,5.7,9.9
357,Vlatko Cancar, SF,DEN,60,14.8,0.476,0.927,0.7,2.1,1.3,0.4,0.2,0.6,5,9.9
358,Quenton Jackson, G,WAS,9,15,0.452,0.773,0.1,0.9,1.7,0.4,0.1,0.4,6.2,9.9
359,Orlando Robinson, C,MIA,31,13.7,0.528,0.71,0,4.1,0.8,0.4,0.4,0.5,3.7,9.9
360,Jaxson Hayes, C,NOR,47,13,0.551,0.699,0.1,2.8,0.7,0.4,0.4,0.7,5,9.9
361,Jarrell Brantley, PF,UTH,4,9.8,0.571,1,1,1.5,0.8,0,0.5,0.5,5.5,9.8
362,Bruno Fernando, PF,ATL,39,10.4,0.527,0.7,0,3.5,0.8,0.2,0.9,0.6,3.9,9.8
363,Jared Butler, SG,OKC,6,12.8,0.469,0,1.2,0.7,1.3,0.8,0,0.8,6.2,9.8
364,Gorgui Dieng, C,SAS,31,11.5,0.385,0.769,0.7,3.5,1.7,0.1,0.5,1,3.9,9.7
365,Justin Minaya, F,POR,4,22.3,0.304,0,0.8,3.8,1,0.5,1.3,1,4.3,9.7
366,Rudy Gay, SF,UTH,56,14.6,0.378,0.857,0.6,2.9,1,0.3,0.3,0.7,5.2,9.7
367,Derrick Jones Jr., SF,CHI,64,14,0.5,0.738,0.4,2.4,0.5,0.5,0.6,0.4,5,9.6
368,Zeke Nnaji, PF,DEN,53,13.7,0.561,0.645,0.3,2.6,0.3,0.3,0.4,0.6,5.2,9.6
369,Luke Kornet, C,BOS,69,11.7,0.665,0.821,0,2.9,0.8,0.2,0.7,0.4,3.8,9.6
370,Haywood Highsmith, F,MIA,54,17.9,0.431,0.464,0.7,3.5,0.8,0.7,0.3,0.8,4.4,9.6
371,Duncan Robinson, F,MIA,42,16.4,0.371,0.906,1.5,1.6,1.1,0.3,0,0.7,6.4,9.5
372,Patty Mills, PG,BKN,40,14.2,0.411,0.833,1.2,1.1,1.4,0.4,0.1,0.8,6.2,9.5
373,Evan Fournier, SG,NYK,27,17,0.337,0.857,1.3,1.8,1.3,0.6,0.1,0.8,6.1,9.5
374,Ousmane Dieng, F,OKC,39,14.6,0.42,0.652,0.7,2.7,1.2,0.4,0.2,0.7,4.9,9.5
375,Xavier Cooks, G,WAS,10,12.6,0.607,0.4,0,3.8,0.6,0.6,0.4,0.8,3.8,9.5
376,Payton Pritchard, PG,BOS,48,13.4,0.412,0.75,1.2,1.8,1.3,0.3,0,0.8,5.6,9.3
377,Sam Merrill, SG,CLE,5,11.8,0.409,1,1,1.8,1,0.8,0,0,5,9.3
378,Blake Wesley, G,SAS,37,18.1,0.321,0.591,0.5,2.2,2.7,0.7,0.1,1.8,5,9.3
379,McKinley Wright IV, PG,DAL,27,12.4,0.469,0.684,0.3,1.7,2.1,0.3,0.2,0.7,4.2,9.3
380,P.J. Tucker, PF,PHI,75,25.6,0.427,0.826,0.7,3.9,0.8,0.5,0.2,0.6,3.5,9.3
381,Johnny Davis, G,WAS,28,15.1,0.386,0.519,0.6,2.3,1,0.4,0.3,0.6,5.8,9.2
382,Ziaire Williams, F,MEM,37,15.2,0.429,0.773,0.7,2.1,0.9,0.4,0.2,1,5.7,9.2
383,Derrick Rose, PG,NYK,27,12.5,0.384,0.917,0.7,1.5,1.7,0.3,0.2,0.8,5.6,9.2
384,Usman Garuba, PF,HOU,75,12.9,0.486,0.617,0.3,4.1,0.9,0.6,0.4,0.6,3,9.2
385,Meyers Leonard, C,MIL,9,12.7,0.483,0.889,0.8,3.8,0.1,0.2,0,0.7,4.8,9.2
386,Austin Rivers, SG,MIN,52,19.5,0.435,0.769,0.8,1.6,1.4,0.5,0.1,0.4,4.9,9.2
387,Christian Braun, G,DEN,76,15.5,0.495,0.625,0.4,2.4,0.8,0.5,0.2,0.5,4.7,9.2
388,Brandon Boston Jr., SG,LAC,22,11.3,0.418,0.763,0.5,1.4,0.9,0.4,0,0.5,6.5,9.2
389,Josh Christopher, SG,HOU,64,12.3,0.465,0.75,0.3,1.1,1.1,0.5,0.2,0.9,5.8,9
390,Jarrett Culver, G,ATL,10,13.7,0.395,0.692,0.1,3.8,0.6,0.6,0.2,0.7,4.4,9
391,Olivier Sarr, C,OKC,9,12.7,0.5,0.714,0.1,3.4,0.4,0.1,0.6,0.4,4,9
392,Matisse Thybulle, SG,POR,71,16.9,0.435,0.679,0.8,2,0.7,1.2,0.5,0.3,4.1,9
393,Moses Brown, C,BKN,36,8.2,0.635,0.458,0,3.9,0.1,0.1,0.4,0.4,4.3,9
394,James Bouknight, SG,CHA,34,15.1,0.358,0.667,1,2.1,1.2,0.4,0.1,0.9,5.6,8.9
395,Simone Fontecchio, F,UTH,52,14.7,0.369,0.795,1.2,1.7,0.8,0.3,0.2,0.8,6.3,8.9
396,Lindy Waters III, F,OKC,41,13,0.393,0.8,1.4,1.8,0.7,0.3,0.3,0.2,5.2,8.9
397,Nikola Jovic, F,MIA,15,13.6,0.406,0.947,0.5,2.1,0.7,0.5,0.1,0.7,5.5,8.8
398,Kenneth Lofton Jr., F,MEM,24,7.3,0.527,0.593,0.3,2.1,0.8,0.2,0.1,0.5,5,8.8
399,Bryce McGowens, G,CHA,46,17.1,0.396,0.75,0.6,2,1.2,0.3,0.1,0.9,5.3,8.7
400,Udoka Azubuike, C,UTH,36,10,0.819,0.35,0,3.3,0.3,0.2,0.4,0.5,3.5,8.7
401,Danny Green, F,CLE,11,12.6,0.449,1,1.5,1.3,0.5,0.5,0.3,0.9,5.5,8.7
402,Ish Wainright, F,PHO,60,15.3,0.37,0.839,1,2.3,0.9,0.6,0.4,0.4,4.2,8.6
403,JaVale McGee, C,DAL,42,8.5,0.64,0.585,0,2.5,0.3,0.1,0.6,0.9,4.4,8.6
404,Omer Yurtseven, C,MIA,9,9.2,0.593,0.833,0.3,2.6,0.2,0.2,0.2,0.4,4.4,8.5
405,Christian Koloko, C,TOR,58,13.8,0.48,0.627,0,2.9,0.5,0.4,1,0.3,3.1,8.4
406,Damian Jones, C,UTH,41,11.6,0.64,0.759,0.2,3,0.4,0.2,0.5,0.6,3.5,8.3
407,Dalano Banton, PG,TOR,31,9,0.423,0.708,0.5,1.5,1.2,0.4,0.4,0.6,4.6,8.3
408,MarJon Beauchamp, F,MIL,52,13.5,0.395,0.73,0.9,2.2,0.7,0.4,0.1,0.9,5.1,8.3
409,Danuel House Jr., SF,PHI,56,14.4,0.472,0.75,0.7,1.7,0.8,0.3,0.2,0.5,4.8,8.2
410,Moses Moody, SG,GSW,63,13,0.476,0.698,0.8,1.7,0.8,0.3,0.1,0.5,4.8,8.2
411,Daishen Nix, SG,HOU,57,16,0.342,0.667,0.7,1.7,2.3,0.5,0.1,1.5,4,8.1
412,Xavier Sneed, F,CHA,4,12,0.5,1,0.8,1.3,1.3,0,0.3,0.8,4.3,8
413,Isaiah Roby, F,NYK,42,11.3,0.432,0.488,0.4,2.6,0.9,0.4,0.2,0.7,4.1,7.9
414,TyTy Washington Jr., G,HOU,31,14,0.363,0.556,0.6,1.5,1.5,0.5,0.1,0.5,4.7,7.9
415,Kai Jones, PF,CHA,46,12,0.558,0.731,0.1,2.7,0.3,0.4,0.7,0.7,3.4,7.9
416,Andre Iguodala, F,GSW,8,14.1,0.467,0.667,0.1,2.1,2.4,0.5,0.4,1.1,2.1,7.9
417,Kira Lewis Jr., PG,NOR,25,9.4,0.455,0.864,0.6,1.3,0.9,0.4,0.1,0.4,4.6,7.9
418,Malachi Flynn, PG,TOR,53,13,0.36,0.758,0.9,1.4,1.3,0.4,0.1,0.5,4.6,7.8
419,Serge Ibaka, F,IND,16,11.6,0.481,0.615,0.4,2.8,0.3,0.1,0.4,0.7,4.1,7.8
420,Aaron Holiday, G,ATL,63,13.4,0.418,0.844,0.6,1.2,1.4,0.6,0.2,0.6,3.9,7.7
421,Admiral Schofield, SF,ORL,37,12.2,0.451,0.913,0.6,1.7,0.8,0.2,0.1,0.4,4.2,7.6
422,Micah Potter, C,UTH,7,7.4,0.667,0,0.6,2.3,0.6,0.1,0,0.3,3.4,7.6
423,Michael Carter-Williams, G,ORL,4,11,0.429,0.571,0.3,1.3,1.8,0.3,0.3,1,4.3,7.5
424,Keon Johnson, SG,POR,40,10.4,0.376,0.659,0.7,1.1,1.5,0.5,0.2,1.1,4.7,7.5
425,Justin Holiday, SF,DAL,46,15.3,0.377,0.625,1,1.2,0.9,0.4,0.4,0.5,4.5,7.5
426,Dru Smith, G,BKN,15,10.5,0.4,1,0.3,1.6,1.5,0.7,0.3,0.2,2.9,7.5
427,Markieff Morris, PF,DAL,35,10.1,0.409,1,0.8,2,0.9,0.3,0.1,0.5,3.8,7.4
428,Juan Toscano-Anderson, SF,UTH,52,13.5,0.448,0.792,0.2,2.4,1.3,0.3,0.2,0.7,3,7.3
429,Kevon Harris, G,ORL,34,13.4,0.439,0.756,0.5,2.1,0.5,0.5,0.1,0.6,4.1,7.3
430,Davis Bertans, SF,DAL,45,10.9,0.431,0.867,1.2,1.2,0.5,0.2,0.2,0.2,4.6,7.3
431,Garrison Mathews, SG,ATL,54,12.7,0.363,0.906,1.2,1.4,0.5,0.4,0.1,0.4,4.8,7.3
432,Raul Neto, PG,CLE,48,10.5,0.518,0.912,0.3,1,1.6,0.4,0.1,0.5,3.3,7.2
433,Johnny Juzang, G,UTH,18,12.9,0.337,0.5,0.8,2.2,0.4,0.2,0.2,0.2,4.8,7.2
434,Jabari Walker, F,POR,56,11.1,0.419,0.756,0.3,2.3,0.6,0.2,0.2,0.5,3.9,7.2
435,AJ Green, G,MIL,35,9.9,0.424,1,1.3,1.3,0.6,0.2,0,0.3,4.4,7.1
436,JT Thor, F,CHA,69,14,0.399,0.702,0.6,2.2,0.5,0.3,0.3,0.6,3.8,7
437,Juancho Hernangomez, PF,TOR,42,14.6,0.421,0.563,0.4,2.9,0.6,0.4,0.1,0.4,2.9,7
438,Wesley Matthews, SG,MIL,52,15.8,0.363,0.857,0.8,2.2,0.7,0.4,0.3,0.3,3.4,7
439,Taj Gibson, F,WAS,49,9.8,0.52,0.714,0.2,1.9,0.7,0.3,0.2,0.5,3.4,7
440,Jason Preston, PG,LAC,14,8.9,0.439,0,0.4,1.6,1.9,0.1,0,0.7,2.9,6.9
441,Caleb Houstan, G,ORL,51,15.9,0.363,0.833,0.9,1.9,0.6,0.2,0.1,0.4,3.8,6.7
442,Nerlens Noel, C,BKN,17,11.5,0.361,0.667,0.1,2.7,0.6,0.9,0.6,0.8,2.1,6.5
443,Ish Smith, PG,DEN,43,9.3,0.397,0.5,0,1.3,2.3,0.2,0.2,1,2.5,6.5
444,Jared Rhoden, G,DET,14,14.1,0.386,1,0.4,2.6,0.3,0.3,0.1,0.2,3.2,6.5
445,Anthony Gill, PF,WAS,59,10.6,0.538,0.731,0.1,1.7,0.6,0.1,0.2,0.3,3.3,6.4
446,Boban Marjanovic, C,HOU,31,5.5,0.683,0.741,0,1.9,0.3,0.2,0.1,0.5,3.3,6.4
447,Josh Minott, F,MIN,15,6.4,0.5,1,0.1,1.7,0.3,0.3,0.4,0.2,3.1,6.3
448,Darius Days, F,HOU,4,6.3,0.417,1,0.8,1.5,0.3,0,0.3,0,3.8,6.3
449,David Duke Jr., G,BKN,23,9.9,0.462,0.706,0,1.3,0.9,0.4,0,0.8,3.7,6.3
450,Richaun Holmes, F,SAC,42,8.3,0.618,0.789,0.1,1.9,0.2,0.1,0.3,0.3,3.1,6.2
451,Peyton Watson, F,DEN,23,8.1,0.492,0.55,0.3,1.6,0.5,0.1,0.5,0.3,3.3,6.2
452,James Johnson, PF,IND,18,9,0.449,0.5,0.2,1.7,0.8,0.4,0.3,0.4,2.8,6.2
453,Nathan Knight, F,MIN,38,7.7,0.568,0.684,0.2,1.5,0.3,0.3,0.2,0.6,3.7,6.2
454,Max Christie, G,LAL,41,12.5,0.415,0.875,0.6,1.8,0.5,0.2,0.2,0.3,3.1,6.1
455,Jamaree Bouyea, G,WAS,5,14.2,0.429,0.5,0.4,1.2,0.8,0.8,0.4,0.8,3,6.1
456,Miles McBride, PG,NYK,64,11.9,0.358,0.667,0.6,0.8,1.1,0.6,0.1,0.4,3.5,6
457,Patrick Baldwin Jr., F,GSW,31,7.3,0.395,0.667,1,1.3,0.4,0.2,0.1,0.4,3.9,6
458,Trevelin Queen, SG,IND,7,10,0.241,1,0.3,2.4,0.9,0.3,0.7,1,3,6
459,Trent Forrest, G,ATL,23,12,0.417,0.667,0,1.6,1.7,0.3,0.1,0.7,2.3,6
460,Moussa Diabate, F,LAC,22,8.9,0.511,0.625,0,2.3,0.2,0.3,0.4,0.4,2.7,5.9
461,Jake LaRavia, F,MEM,35,11.8,0.389,0.778,0.7,1.8,0.6,0.3,0.1,0.5,3,5.9
462,Furkan Korkmaz, SG,PHI,37,9.5,0.432,0.722,0.5,1.1,0.6,0.3,0.1,0.6,3.8,5.8
463,Amir Coffey, SG,LAC,50,12.5,0.386,0.778,0.2,1.1,1.1,0.1,0.1,0.4,3.4,5.8
464,Robin Lopez, C,CLE,37,8.1,0.64,0.778,0.1,1.4,0.5,0.1,0.2,0.7,3,5.8
465,Frank Ntilikina, PG,DAL,47,12.9,0.364,0.667,0.4,1.3,1.2,0.3,0.1,0.6,2.9,5.7
466,Neemias Queta, C,SAC,5,5.8,0.667,0,0,2.2,0.2,0,0.4,0.2,2.4,5.7
467,Kessler Edwards, SF,SAC,36,10.7,0.387,0.733,0.5,1.7,0.6,0.4,0.2,0.4,2.8,5.7
468,Frank Kaminsky, PF,HOU,36,6.5,0.492,0.875,0.4,1.4,0.9,0.2,0.1,0.3,2.5,5.7
469,A.J. Lawson, G,DAL,15,7.2,0.5,0.25,0.7,1.4,0.1,0.1,0,0.2,3.7,5.7
470,Jeff Dowtin Jr., PG,TOR,25,10.4,0.439,0.667,0.2,0.9,1.2,0.4,0.1,0.2,2.4,5.5
471,Theo Pinson, G,DAL,40,8.1,0.356,0.846,0.6,1.6,1.2,0.2,0,0.3,2.4,5.5
472,Kennedy Chandler, G,MEM,36,7.8,0.422,0.462,0.1,1.1,1.6,0.3,0.1,0.5,2.2,5.5
473,Udonis Haslem, PF,MIA,7,10.3,0.345,0.8,0.4,1.6,0,0.1,0.3,0.1,3.9,5.4
474,Isaiah Mobley, F,CLE,12,7,0.429,1,0.3,1.7,0.3,0.3,0.3,0.1,2.6,5.4
475,Terry Taylor, F,CHI,31,8.5,0.52,0.545,0.2,1.5,0.3,0.1,0.2,0.3,2.9,5.3
476,Jordan Hall, G,SAS,9,9.2,0.321,0.778,0.3,1.3,1.2,0.1,0,0.8,3.1,5.2
477,Mamadi Diakite, F,CLE,22,8,0.48,1,0.3,1.4,0.4,0.2,0.4,0.5,2.6,5.2
478,Matt Ryan, F,MIN,34,9.1,0.37,0.833,0.9,0.8,0.5,0.1,0,0.2,3.6,5.1
479,Bryn Forbes, SG,MIN,25,10.7,0.361,1,0.6,0.6,0.7,0.3,0.1,0.5,3.6,5.1
480,Alex Len, C,SAC,26,6.2,0.533,0.688,0,2.3,0.5,0.2,0.4,0.6,1.7,5.1
481,Jaden Springer, G,PHI,16,5.6,0.486,0.75,0.1,0.9,0.5,0.4,0.2,0.2,2.6,5
482,Tyler Dorsey, G,DAL,3,2.7,0.8,0,0.3,0.7,0,0,0,0,3,4.9
483,Carlik Jones, G,CHI,7,8,0.4,0.625,0.4,0.7,0.9,0.3,0,0.3,2.9,4.7
484,Khem Birch, C,SAS,20,8.1,0.594,0.8,0.1,1.3,0.4,0.3,0.3,0.4,2.2,4.7
485,John Butler Jr., F,POR,19,11.6,0.321,0.75,0.4,0.9,0.6,0.4,0.5,0.1,2.4,4.7
486,Justin Champagnie, SF,BOS,5,6.8,0.333,0,0.2,1.6,0.8,0.2,0,0,2.2,4.6
487,Dalen Terry, F,CHI,38,5.6,0.444,0.667,0.2,1,0.6,0.3,0.1,0.2,2.2,4.4
488,Alize Johnson, F,SAS,4,7.5,0.5,0.5,0,2.5,0.3,0.3,0,1,1.8,4.2
489,Ron Harper Jr., F,TOR,9,5.3,0.5,1,0.3,0.8,0.4,0,0.1,0,2.2,4.1
490,Stanley Umude, G,DET,1,2,0,1,0,0,0,1,1,0,2,4.1
491,Davon Reed, SG,LAL,43,8,0.333,0.667,0.4,1.4,0.5,0.3,0.1,0.5,2.1,4.1
492,Mfiondu Kabengele, C,BOS,4,9,0.286,1,0,2.5,0,0.5,0,0.3,1.5,4
493,Noah Vonleh, PF,SAS,23,7.5,0.458,1,0,2.1,0.3,0.1,0.3,0.5,1.1,3.9
494,Garrett Temple, SF,NOR,25,6.5,0.4,0.75,0.4,0.7,0.5,0.4,0.1,0.2,2,3.8
495,Kendall Brown, SG,IND,6,6.7,0.571,0.5,0,1,0.5,0.7,0,0.3,1.5,3.8
496,JD Davison, SG,BOS,12,5.5,0.421,0.5,0.2,0.8,0.9,0.2,0.2,0.3,1.6,3.8
497,Xavier Moon, PG,LAC,4,5,0.333,0,0.3,0.8,1.3,0,0,0.3,1.8,3.8
498,Devon Dotson, G,WAS,6,8.8,0.1,0,0.2,1.7,1.3,0.8,0,0.5,0.5,3.6
499,Matthew Dellavedova, PG,SAC,32,6.7,0.34,0.571,0.3,0.4,1.3,0.2,0,0.3,1.5,3.5
500,Lester Quinones, G,GSW,4,4.5,0.4,0.667,0.5,0.8,0.5,0.3,0,1.3,2.5,3.3
501,Wendell Moore Jr., G,MIN,29,5.3,0.419,0.8,0.1,0.6,0.6,0.3,0.2,0.3,1.4,3.2
502,KZ Okpala, SF,SAC,35,7.1,0.421,0.875,0.2,1,0.4,0.2,0.2,0.2,1.3,3.2
503,Greg Brown III, PF,POR,16,5.8,0.393,0.417,0.1,1.2,0.2,0.3,0.3,0.4,1.8,3.2
504,Kobi Simmons, G,CHA,5,5.6,0.167,1,0.2,0.8,1,0,0.4,0.2,1,3.2
505,Vince Williams Jr., G,MEM,15,7,0.3,1,0.3,1,0.3,0.4,0.1,0.3,2,3.2
506,Ryan Arcidiacono, G,POR,20,8.6,0.243,0,0.4,0.8,1.2,0.3,0,0.4,1.3,3.2
507,Scotty Pippen Jr., G,LAL,6,5.3,0.333,0.556,0.2,0.7,0.3,0.3,0.2,0.3,2.3,3.2
508,Tony Bradley, C,CHI,12,2.8,0.5,1,0.3,0.9,0.1,0.1,0.1,0.1,1.6,3.1
509,Facundo Campazzo, G,DAL,8,6.5,0.231,0.5,0.4,0.3,1.1,0.8,0,0.4,1.3,3.1
510,Jordan Schakel, F,WAS,2,3,0.5,0,0.5,0,0.5,0.5,0,0,1.5,3.1
511,Cole Swider, F,LAL,7,5.9,0.333,0,0.4,1,0.6,0,0,0,1.3,3
512,Vit Krejci, G,ATL,29,5.7,0.405,0.5,0.2,0.9,0.6,0.2,0,0.2,1.2,3
513,Isaiah Todd, PF,WAS,6,10.2,0.167,1,0.2,2,0.7,0.2,0,0.3,1.5,3
514,Keon Ellis, G,SAC,16,4.4,0.438,0.571,0.4,0.5,0.4,0.3,0.1,0.1,1.5,3
515,Thanasis Antetokounmpo, SF,MIL,37,5.6,0.435,0.5,0,1.2,0.4,0.1,0.1,0.3,1.4,2.9
516,PJ Dozier, G,SAC,16,4.9,0.303,0,0.1,0.9,0.6,0.4,0.1,0.3,1.4,2.9
517,Ryan Rollins, G,GSW,12,5.2,0.35,1,0.3,1,0.5,0.1,0.1,1.3,1.9,2.9
518,Jack White, F,DEN,17,3.9,0.421,0.667,0.2,1,0.2,0.2,0.1,0.1,1.2,2.8
519,Dylan Windler, SG,CLE,3,3.3,0.667,0,0.3,0,0.3,0.3,0,0.3,1.7,2.8
520,Donovan Williams, G,ATL,2,2,0.4,0,0,1,0,0,0,0,2,2.8
521,Sterling Brown, SF,LAL,4,6,0,0,0,2,0.5,0.8,0,0,0,2.7
522,Chris Silva, F,DAL,1,3,1,0,0,0,0,0,0,1,2,2.3
523,Justin Jackson, SF,OKC,23,4.7,0.259,0.5,0.2,0.7,0.4,0.2,0.2,0.1,0.9,2.2
524,Braxton Key, G,DET,3,3,1,1,0,0.3,0,0,0,0,1.3,2.2
525,Tyrese Martin, G,ATL,16,4.1,0.391,1,0.1,0.8,0.1,0.1,0,0.1,1.3,2.1
526,Trevor Hudgins, G,HOU,5,5.6,0.222,1,0.4,0,0.6,0,0,0.2,1.8,2.1
527,Vernon Carey Jr., C,WAS,11,2.5,0.25,1,0,1,0.3,0.2,0.2,0.2,0.5,2
528,Buddy Boeheim, F,DET,10,9,0.185,1,0.4,0.6,0.4,0.2,0,0,1.6,2
529,Malcolm Hill, F,CHI,5,1.8,0.5,0,0.2,0.6,0,0,0,0,1,1.8
530,Trevor Keels, G,NYK,3,2.7,0.25,0,0.3,0.7,0,0,0,0,1,1.4
531,Joe Wieskamp, SF,TOR,9,5.6,0.214,0,0.3,0.4,0.3,0,0,0.1,1,1.4
532,Chima Moneke, F,SAC,2,4,0.5,0,0,1,0.5,0,0,1,1,1.3
533,Frank Jackson, G,UTH,1,5,0,0,0,2,1,0,0,0,0,1
534,Dereon Seabron, G,NOR,5,2.4,0.4,0,0,0.2,0,0,0,0,0.8,0.9
535,Marko Simonovic, C,CHI,7,2.9,0.286,0.5,0.1,0.3,0,0,0,0,0.9,0.8
536,Leandro Bolmaro, F,UTH,14,4.9,0.15,0,0,0.5,0.5,0.2,0.1,0.5,0.4,0.8
537,Michael Foster Jr., F,PHI,1,1,0,0,0,0,0,0,0,0,0,0
538,Alondes Williams, G,BKN,1,5,0,0,0,1,0,0,0,2,0,-0.4
539,Deonte Burton, F,SAC,2,3,0,0,0,0,0,0,0,0,0,-0.8
